epoch,accuracy,loss,lr,precision,recall,val_accuracy,val_loss,val_precision,val_recall
0,0.3133426010608673,5.409955024719238,0.0005,0.38117700815200806,0.13865512609481812,0.38980263471603394,4.89608907699585,0.38980263471603394,0.38980263471603394
1,0.37217092514038086,4.214747905731201,0.0005,0.4876370131969452,0.15630361437797546,0.4437499940395355,3.6179373264312744,0.5803869366645813,0.2861842215061188
2,0.4064057469367981,3.3953843116760254,0.0005,0.5617977380752563,0.18383854627609253,0.47006580233573914,2.978743076324463,0.7857142686843872,0.12302631884813309
3,0.43843451142311096,2.9003713130950928,0.0005,0.6399999856948853,0.219625785946846,0.5611842274665833,2.4730093479156494,0.7785547971725464,0.32960525155067444
4,0.4636816680431366,2.6229681968688965,0.0005,0.6800703406333923,0.25288012623786926,0.4927631616592407,2.4798169136047363,0.8784370422363281,0.19967105984687805
5,0.49219706654548645,2.4171948432922363,0.0005,0.7042429447174072,0.2766565978527069,0.5302631855010986,2.2251577377319336,0.6856594085693359,0.3523026406764984
6,0.5149930715560913,2.2402896881103516,0.0005,0.7379860281944275,0.30239397287368774,0.5608552694320679,2.089708089828491,0.7611443996429443,0.37631580233573914
7,0.5436718463897705,2.125999927520752,0.0005,0.7369272112846375,0.33507639169692993,0.6055921316146851,1.9084256887435913,0.7924984693527222,0.4309210479259491
8,0.5623008608818054,2.030073642730713,0.0005,0.7412645816802979,0.3640003204345703,0.602302610874176,1.8974049091339111,0.7178340554237366,0.4753289520740509
9,0.5679385662078857,1.9671396017074585,0.0005,0.7421557307243347,0.3729879856109619,0.6575657725334167,1.7240506410598755,0.7876983880996704,0.5223684310913086
10,0.5791322588920593,1.8990778923034668,0.0005,0.7408875823020935,0.3969278633594513,0.6565789580345154,1.6776427030563354,0.7458563446998596,0.5773026347160339
11,0.5918784141540527,1.8671798706054688,0.0005,0.7430922985076904,0.41310563683509827,0.6138157844543457,1.760859489440918,0.7545362710952759,0.49243420362472534
12,0.5953100919723511,1.8384613990783691,0.0005,0.7415055632591248,0.4136775732040405,0.6134868264198303,1.7679730653762817,0.803523063659668,0.3901315927505493
13,0.6049513816833496,1.7925502061843872,0.0005,0.7484784126281738,0.43206143379211426,0.6532894968986511,1.6741929054260254,0.7628477215766907,0.5322368144989014
14,0.6073208451271057,1.7853537797927856,0.0005,0.7516797184944153,0.43876132369041443,0.6585526466369629,1.6312717199325562,0.7859342694282532,0.5036184191703796
15,0.6100988388061523,1.7899737358093262,0.0005,0.7501722574234009,0.44480758905410767,0.6200658082962036,1.730806589126587,0.7534611225128174,0.46546053886413574
16,0.6133670806884766,1.7616448402404785,0.0005,0.746074378490448,0.4542037844657898,0.6078947186470032,1.725746989250183,0.7031323313713074,0.49473685026168823
17,0.617615818977356,1.7597774267196655,0.0005,0.7517029643058777,0.4598414897918701,0.6878289580345154,1.5582528114318848,0.7545053958892822,0.6197368502616882
18,0.6217828392982483,1.7427916526794434,0.0005,0.7573205232620239,0.46278291940689087,0.6236842274665833,1.690629482269287,0.7011693120002747,0.5325657725334167
19,0.6225181818008423,1.738527536392212,0.0005,0.7589524388313293,0.4640901982784271,0.7115131616592407,1.4773753881454468,0.80887371301651,0.6236842274665833
20,0.630852222442627,1.712909460067749,0.0005,0.7555670142173767,0.47961434721946716,0.4503289461135864,2.2299530506134033,0.5821167826652527,0.3148026168346405
21,0.6242340207099915,1.7300634384155273,0.0005,0.757917046546936,0.46735844016075134,0.6013157963752747,1.7491323947906494,0.6816748976707458,0.4980263113975525
22,0.6355911493301392,1.7006337642669678,0.0005,0.7612853646278381,0.4877849519252777,0.5776315927505493,1.7900792360305786,0.6884396076202393,0.4368421137332916
23,0.6375520825386047,1.6990255117416382,0.0005,0.7581135630607605,0.48860201239585876,0.6881579160690308,1.5291531085968018,0.7952898740768433,0.5776315927505493
24,0.6368167400360107,1.70487642288208,0.0005,0.7572275996208191,0.49007272720336914,0.6154605150222778,1.7243213653564453,0.8297872543334961,0.410526305437088
25,0.6638614535331726,1.5259079933166504,0.00025,0.7745028138160706,0.5346025228500366,0.737500011920929,1.2548750638961792,0.8207899928092957,0.6493421196937561
26,0.66958087682724,1.4467172622680664,0.00025,0.7791934609413147,0.5446523427963257,0.6993421316146851,1.3366894721984863,0.7560015916824341,0.6319078803062439
27,0.6699076890945435,1.4409794807434082,0.00025,0.7774808406829834,0.5466949939727783,0.7391447424888611,1.2533152103424072,0.8376709222793579,0.6246710419654846
28,0.6741563677787781,1.4127830266952515,0.00025,0.7833313941955566,0.5506168603897095,0.7365131378173828,1.2350391149520874,0.8147695064544678,0.6569079160690308
29,0.6759539246559143,1.3987258672714233,0.00025,0.7781078815460205,0.5564180016517639,0.7240131497383118,1.2721848487854004,0.8040016293525696,0.647697389125824
30,0.6779148578643799,1.3917176723480225,0.00025,0.7786440849304199,0.5630362033843994,0.7513157725334167,1.1662479639053345,0.8363192081451416,0.6756578683853149
31,0.6860037446022034,1.377063512802124,0.00025,0.7823933362960815,0.5678568482398987,0.7236841917037964,1.266620397567749,0.777057945728302,0.6707236766815186
32,0.6828989386558533,1.3695344924926758,0.00025,0.7832506895065308,0.5677751302719116,0.7641447186470032,1.1517776250839233,0.8538525700569153,0.6707236766815186
33,0.6922951340675354,1.3518588542938232,0.00025,0.7870092391967773,0.5781518220901489,0.7608552575111389,1.1369023323059082,0.8247780799865723,0.7029605507850647
34,0.6832257509231567,1.368656873703003,0.00025,0.7866878509521484,0.5658959150314331,0.7503289580345154,1.1946218013763428,0.8458225727081299,0.6460526585578918
35,0.6911512613296509,1.3461673259735107,0.00025,0.7914912700653076,0.5837078094482422,0.776644766330719,1.1232962608337402,0.8264493942260742,0.7174342274665833
36,0.6919683218002319,1.355736494064331,0.00025,0.7916759252548218,0.581256628036499,0.7628289461135864,1.1591728925704956,0.8342052102088928,0.6819078922271729
37,0.6984230875968933,1.3297860622406006,0.00025,0.79227215051651,0.5880382657051086,0.7569078803062439,1.1427347660064697,0.8279221057891846,0.6710526347160339
38,0.6918866038322449,1.3247461318969727,0.00025,0.7933727502822876,0.5810115337371826,0.7253289222717285,1.2220126390457153,0.7768909335136414,0.6723684072494507
39,0.6907427310943604,1.3202539682388306,0.00025,0.7912540435791016,0.5810115337371826,0.777302622795105,1.1082954406738281,0.8544485569000244,0.6855263113975525
40,0.7017730474472046,1.3086990118026733,0.00025,0.7928173542022705,0.5934308171272278,0.7707237005233765,1.1335783004760742,0.8170323371887207,0.722697377204895
41,0.6993218660354614,1.313678503036499,0.00025,0.793452262878418,0.5960454344749451,0.7743421196937561,1.0870064496994019,0.8352534770965576,0.7154605388641357
42,0.6972792148590088,1.3146411180496216,0.00025,0.7877240777015686,0.5924503803253174,0.7552631497383118,1.1566851139068604,0.8194338083267212,0.7046052813529968
43,0.7029169201850891,1.308004379272461,0.00025,0.7937998175621033,0.5941662192344666,0.7680920958518982,1.0969492197036743,0.8664688467979431,0.6723684072494507
44,0.7013645172119141,1.302048683166504,0.00025,0.7917487621307373,0.5911430716514587,0.6980262994766235,1.3117684125900269,0.7547892928123474,0.6480262875556946
45,0.7166435122489929,1.2251485586166382,0.000125,0.8090500831604004,0.6179426312446594,0.7776315808296204,1.005133032798767,0.8345136046409607,0.7365131378173828
46,0.7212190628051758,1.1770368814468384,0.000125,0.8044226765632629,0.6301168203353882,0.7927631735801697,0.9857081174850464,0.8498475551605225,0.7335526347160339
47,0.7243238687515259,1.1530927419662476,0.000125,0.8050307631492615,0.6301985383033752,0.7819079160690308,0.9808171391487122,0.8229992985725403,0.7509868144989014
48,0.7276738286018372,1.137792706489563,0.000125,0.8102129697799683,0.6404117941856384,0.7671052813529968,0.9956487417221069,0.8167737126350403,0.7111842036247253
49,0.7284908890724182,1.1334052085876465,0.000125,0.8088129162788391,0.6418824791908264,0.7792763113975525,0.9821422100067139,0.835719645023346,0.7296052575111389
50,0.7364163994789124,1.1020058393478394,0.000125,0.8175204992294312,0.6519323587417603,0.7855263352394104,0.9740782976150513,0.8400149941444397,0.737500011920929
51,0.7294713854789734,1.1078437566757202,0.000125,0.8113168478012085,0.6443336606025696,0.7990131378173828,0.9310605525970459,0.8514115810394287,0.753947377204895
52,0.7315956950187683,1.113574504852295,0.000125,0.8089506030082703,0.6424544453620911,0.807894766330719,0.904621958732605,0.867451548576355,0.7513157725334167
53,0.7364980578422546,1.0983881950378418,0.000125,0.8137084245681763,0.6498897075653076,0.7993420958518982,0.9215770363807678,0.8572513461112976,0.7427631616592407
54,0.7340468764305115,1.0951147079467773,0.000125,0.8130354881286621,0.6512786746025085,0.8006578683853149,0.9179973602294922,0.8482834696769714,0.7559210658073425
55,0.7348639369010925,1.0918025970458984,0.000125,0.8156179785728455,0.6545469164848328,0.8072368502616882,0.9170647263526917,0.8482532501220703,0.7667763233184814
56,0.7431979775428772,1.0858324766159058,0.000125,0.8144027590751648,0.657896876335144,0.7911184430122375,0.9126388430595398,0.8495475053787231,0.7411184310913086
57,0.7373968362808228,1.0877972841262817,0.000125,0.8148336410522461,0.6543835401535034,0.785855233669281,0.9412379860877991,0.8273873925209045,0.7552631497383118
58,0.7480186223983765,1.0453041791915894,6.25e-05,0.8191105723381042,0.6681918501853943,0.8197368383407593,0.8424540758132935,0.8669384717941284,0.7694078683853149
59,0.7502247095108032,1.0247520208358765,6.25e-05,0.8174619078636169,0.6747283339500427,0.8121710419654846,0.8565622568130493,0.8516222834587097,0.7684210538864136
60,0.7530027031898499,1.0078309774398804,6.25e-05,0.8198001980781555,0.677261233329773,0.8213815689086914,0.8209815621376038,0.8671846389770508,0.7710526585578918
61,0.7535746097564697,0.9945263266563416,6.25e-05,0.8231924176216125,0.6809380054473877,0.82039475440979,0.8275854587554932,0.8598334193229675,0.7809210419654846
62,0.7543100118637085,0.988381564617157,6.25e-05,0.8206842541694641,0.6820818781852722,0.82039475440979,0.8128075003623962,0.8591498732566833,0.7845394611358643
63,0.7564343214035034,0.9729601740837097,6.25e-05,0.8245370984077454,0.680366039276123,0.8141447305679321,0.8045591711997986,0.8591342568397522,0.7703947424888611
64,0.7542282938957214,0.9733324646949768,6.25e-05,0.8243082761764526,0.6815916299819946,0.8174341917037964,0.8102245330810547,0.8682854771614075,0.7763158082962036
65,0.7531660795211792,0.9694636464118958,6.25e-05,0.8168379664421082,0.6817550659179688,0.8144736886024475,0.8132780194282532,0.8661302328109741,0.7789473533630371
66,0.762398898601532,0.9491857290267944,3.125e-05,0.8324843049049377,0.694337785243988,0.8230262994766235,0.7794011235237122,0.8634713292121887,0.7822368144989014
67,0.7685268521308899,0.9266482591629028,3.125e-05,0.831342875957489,0.6995669603347778,0.8243421316146851,0.7654467821121216,0.8640636205673218,0.7861841917037964
68,0.7727755308151245,0.9183675646781921,3.125e-05,0.8352952599525452,0.7015278935432434,0.8305920958518982,0.7607933282852173,0.8679724335670471,0.7871710658073425
69,0.7711414098739624,0.9097149968147278,3.125e-05,0.8308165669441223,0.7057766318321228,0.824999988079071,0.7572895884513855,0.8676735162734985,0.793749988079071
70,0.7738377451896667,0.9035842418670654,3.125e-05,0.835616409778595,0.702753484249115,0.8213815689086914,0.7523309588432312,0.8644372820854187,0.7907894849777222
71,0.7717950940132141,0.8949869871139526,3.125e-05,0.832627534866333,0.7068387866020203,0.8230262994766235,0.7496693730354309,0.8634713292121887,0.7822368144989014
72,0.7751450538635254,0.8932235836982727,3.125e-05,0.8354224562644958,0.7133752703666687,0.8279605507850647,0.7432383298873901,0.8666666746139526,0.7953947186470032
73,0.7713865637779236,0.8968139886856079,3.125e-05,0.8351796269416809,0.7083911895751953,0.8236842155456543,0.750923216342926,0.8640429377555847,0.7944079041481018
74,0.7794754505157471,0.8794593811035156,1.5625e-05,0.8397108316421509,0.7118228673934937,0.8273026347160339,0.7370762228965759,0.8686105012893677,0.793749988079071
75,0.7755535840988159,0.8725881576538086,1.5625e-05,0.8346909284591675,0.7116594314575195,0.8292763233184814,0.736225426197052,0.869658887386322,0.7967105507850647
76,0.7776778936386108,0.8671356439590454,1.5625e-05,0.839003324508667,0.7153362035751343,0.8322368264198303,0.7223932147026062,0.8689407706260681,0.7960526347160339
77,0.7782498598098755,0.8625975847244263,1.5625e-05,0.8402690887451172,0.7143557667732239,0.831250011920929,0.7298344373703003,0.867047905921936,0.7980263233184814
78,0.7782498598098755,0.862602710723877,1.5625e-05,0.8384021520614624,0.7185227274894714,0.8338815569877625,0.7176347970962524,0.8729700446128845,0.7957236766815186
79,0.7744913697242737,0.867317795753479,1.5625e-05,0.8332855105400085,0.7114143371582031,0.8299342393875122,0.7219887375831604,0.8660938143730164,0.7957236766815186
80,0.7826619744300842,0.8457874059677124,1.5625e-05,0.8419647216796875,0.7213007807731628,0.8322368264198303,0.7127982974052429,0.8690518736839294,0.7990131378173828
81,0.7799656987190247,0.8528945446014404,1.5625e-05,0.838327944278717,0.7177056670188904,0.8305920958518982,0.7166211605072021,0.8660458326339722,0.7953947186470032
82,0.7810278534889221,0.84981369972229,1.5625e-05,0.8398441076278687,0.7219544053077698,0.8315789699554443,0.7149121761322021,0.8685058951377869,0.7973684072494507
83,0.7756352424621582,0.8569645881652832,1.5625e-05,0.8359844088554382,0.7171337604522705,0.831250011920929,0.7146857976913452,0.8727338910102844,0.7917762994766235
84,0.7867472767829895,0.8386504650115967,7.8125e-06,0.8455609679222107,0.726039707660675,0.8325657844543457,0.7102589011192322,0.8706431984901428,0.7970394492149353
85,0.7829071283340454,0.8409548401832581,7.8125e-06,0.8372910618782043,0.7202385663986206,0.8332237005233765,0.7063782811164856,0.8688288331031799,0.7930921316146851
86,0.7829071283340454,0.8364863991737366,7.8125e-06,0.8430795669555664,0.7256311774253845,0.8322368264198303,0.7058470249176025,0.866906464099884,0.7927631735801697
87,0.785685122013092,0.8309717178344727,7.8125e-06,0.8425197005271912,0.7256311774253845,0.8345394730567932,0.7048090100288391,0.8692833781242371,0.7940789461135864
88,0.7838058471679688,0.8375195264816284,7.8125e-06,0.8422749042510986,0.726039707660675,0.835197389125824,0.6939863562583923,0.8725000023841858,0.8036184310913086
89,0.784868061542511,0.8267319798469543,7.8125e-06,0.8431521058082581,0.7273470163345337,0.8338815569877625,0.7048943042755127,0.8695808053016663,0.7983552813529968
90,0.7896887063980103,0.8208221793174744,7.8125e-06,0.8453393578529358,0.7306152582168579,0.8374999761581421,0.6973395943641663,0.8700464367866516,0.8016447424888611
91,0.7853583097457886,0.82890784740448,7.8125e-06,0.8402339220046997,0.7279189229011536,0.8338815569877625,0.7035079002380371,0.8677626848220825,0.7986842393875122
92,0.7894435524940491,0.8127848505973816,7.8125e-06,0.8474205136299133,0.7274287343025208,0.8348684310913086,0.6988548040390015,0.8699535727500916,0.8009868264198303
93,0.7896069884300232,0.8199815154075623,7.8125e-06,0.8449379205703735,0.733720064163208,0.8325657844543457,0.6979029774665833,0.8668323755264282,0.8029605150222778
94,0.7855216860771179,0.8272120356559753,7.8125e-06,0.8395782113075256,0.7286543250083923,0.8338815569877625,0.699041485786438,0.8639431595802307,0.800000011920929
95,0.7884631156921387,0.8176609873771667,7.8125e-06,0.841670572757721,0.7327396273612976,0.8319078683853149,0.6943162679672241,0.8646349906921387,0.8026315569877625
96,0.7899338006973267,0.8047701120376587,3.90625e-06,0.844228208065033,0.7302067279815674,0.8296052813529968,0.7025299072265625,0.8628287315368652,0.7986842393875122
97,0.7861753702163696,0.818462610244751,3.90625e-06,0.8406468629837036,0.7262848019599915,0.8309210538864136,0.7021889686584473,0.8646241426467896,0.7983552813529968
98,0.7866655588150024,0.8223382234573364,3.90625e-06,0.8422392010688782,0.7302067279815674,0.8325657844543457,0.6932117938995361,0.8672376871109009,0.7993420958518982
99,0.7866655588150024,0.8085172176361084,3.90625e-06,0.8403124213218689,0.7296347618103027,0.8348684310913086,0.6922163367271423,0.866998553276062,0.8019737005233765
100,0.7896887063980103,0.8110139966011047,3.90625e-06,0.8408618569374084,0.7270202040672302,0.831250011920929,0.6969120502471924,0.8673796653747559,0.8003289699554443
101,0.7867472767829895,0.8119432926177979,3.90625e-06,0.842660665512085,0.7307786345481873,0.8345394730567932,0.6917302012443542,0.868852436542511,0.8019737005233765
102,0.7881363034248352,0.8125426769256592,1.953125e-06,0.8389236927032471,0.733638346195221,0.8322368264198303,0.6918761134147644,0.8669039011001587,0.8013157844543457
103,0.7907508611679077,0.8115241527557373,1.953125e-06,0.8453433513641357,0.7342103123664856,0.8322368264198303,0.6906844973564148,0.8668565154075623,0.8009868264198303
104,0.7838875651359558,0.8244870901107788,1.953125e-06,0.8384076952934265,0.7244873046875,0.8315789699554443,0.6933112740516663,0.8666666746139526,0.7996710538864136
105,0.7939373850822449,0.8067488074302673,1.953125e-06,0.8441838622093201,0.7352724671363831,0.8325657844543457,0.6901817917823792,0.8702180981636047,0.8006578683853149
